external_id,team_name,acronym,current_rank,logo_path,wins,losses,last_match_time
9025669,CrimsonSky,CS,1007,https://cdn.steamusercontent.com/ugc/9869145255454310108/C48D0B6C8A36839BACAC2551931EAAC88B295200/,665,665,1776294160
8849833,VERTEX PACK,vP,1021,https://cdn.steamusercontent.com/ugc/2047503411652997007/08F27DE9B0F0C1AB4C669A5785486AAA77E8917C/,852,794,1776294160
9600331,Zetta Games,ZettaG,949,https://cdn.steamusercontent.com/ugc/11919673112782701/789554566EAFA87519659EABDBFE03DAC8BF9A4D/,16,26,1776294162
9373482,Team Antares,[T.A.],1077,https://cdn.steamusercontent.com/ugc/2029469995688767468/C59774140B651ECE73A473EC4D80E2FBE8B2E899/,6,0,1776294162
8850015,DARKNESS GAMING,DG,1004,https://cdn.steamusercontent.com/ugc/9258854517714786764/970A15CB7D3F860BA71E931D9D5C10692F27EA01/,445,498,1776285819
8879077,Titan Strikers,Ts,1035,https://cdn.steamusercontent.com/ugc/17496754558050466858/4302EEC3EDF2F9050006D44B15D29C8DFE6148BA/,507,497,1776285819
10053545,EARTH GAMING,EARTH,1026,https://cdn.steamusercontent.com/ugc/18033106354114366402/77E9DE732E30A3B8F9296681DA2456659B421950/,18,15,1776284546
9829371,Rock n Sports,RNS,891,https://cdn.steamusercontent.com/ugc/17070848244520593825/1AE5C6F12675015D112CA0FDD51C386E7492E261/,7,16,1776284546
9724428,Shinigami Gaming,N/A,1072,https://cdn.steamusercontent.com/ugc/17558057294716184/C12857D2734CBDE2305EBCB7FABFB66FC5D5C148/,48,48,1776282053
9743822,Teiko,N/A,1157,https://cdn.steamusercontent.com/ugc/9678485233089315/3FF228A7F7409318EEC092C18C14AF690A009B35/,52,26,1776282053
9678463,Estar Backs,EB,1167,https://cdn.steamusercontent.com/ugc/8546247575522013/0940BE82E218C71369C672C95943445AA450EF45/,112,84,1776273668
8971308,x5 Gaming,x5,1030,https://cdn.steamusercontent.com/ugc/15382253660223640555/AEE503D1070680F0A8FED720B7D63FB464FDB9AD/,161,156,1776273668
9395679,Shinigami Gaming,Shinigami,1051,https://cdn.steamusercontent.com/ugc/2499008933815848006/6204E1A0315057E9F227EDBCD42DB8F193B593AF/,152,128,1776273282
9948492,Elite Eclipse,EE,994,https://cdn.steamusercontent.com/ugc/13385119199365595807/8DE99E9FEB3212DA4970EACF23AD9BFBE939BD45/,12,11,1776273282
5014799,Nemiga Gaming,Nemiga,1227,https://cdn.steamusercontent.com/ugc/1761446291384253796/DDD9E9CE3AC50467578944F685C4BD84ED0285B7/,655,650,1776272216
10019843,Inner Circle x Insanity,ICxI,1133,https://cdn.steamusercontent.com/ugc/9964979241844276783/64DDB27F8A50FEA6869CFD8392ED29CE674E26C1/,53,51,1776272216
9426115,Dark Rebellion,DR,1109,https://cdn.steamusercontent.com/ugc/2471989872563605684/46813E19616E0715D879EFB5049D3A1DE331488B/,1205,1249,1776269325
9425656,LSG,LSG,1005,https://cdn.steamusercontent.com/ugc/2497885570409092010/7A0CAB8AFDEC8BDE65F27E01C713A6B5459B65AD/,1107,1156,1776269325
9677506,Shinigami Gaming,N/A,1097,https://cdn.steamusercontent.com/ugc/53581609865900242/C12857D2734CBDE2305EBCB7FABFB66FC5D5C148/,122,70,1776269176
9878494,LV United,LVU,1043,https://cdn.steamusercontent.com/ugc/12184752726728675727/79B07F39DC4784D176F472E9AA6783D6C45EB190/,393,429,1776264492
9768243,Night Force,NF,1039,https://cdn.steamusercontent.com/ugc/17968260980523334862/4AFB4090FE5B56377C9EB918E05F8BF9DA5167FA/,608,556,1776264492
9729767,BloodyRose,BR,1089,https://cdn.steamusercontent.com/ugc/13054458466396118/2A7A8AF97F83D018A54851B82EEEDAB1B10FCA52/,211,92,1776262037
9973477,PYPSIKI,PYP,974,https://cdn.steamusercontent.com/ugc/17688530096575923282/4E9D8821C8FF8A0091017023054C4C39A6DAD17E/,105,228,1776262037
10047709,Ilbirs Esports,ILBIRS,988,https://cdn.steamusercontent.com/ugc/17615432307926595228/F22AE48E996E9C7FC05B7B2E03B87B7E2B302B82/,21,32,1776259376
9895247,Rune Eaters,RE,1074,https://cdn.steamusercontent.com/ugc/11845515088670662060/69AF28B666A859915784A1FF3C77F23E29057C3F/,168,146,1776259376
8831040,Ghost Sheep,GS,970,https://cdn.steamusercontent.com/ugc/1812159972016009901/2463CD2FDC05838CACEB66AAE27F597798C40B34/,1689,1386,1776257220
10088400,Cinqueblinks,N/A,960,https://cdn.steamusercontent.com/ugc/17006346832823018557/7BC2893EC6AA5A171DA57B760F482B86E2A78D45/,4,11,1776257220
9814269,Riftwalkers,RW.,1071,https://cdn.steamusercontent.com/ugc/12923546594089256981/434C6430FD0EEB9E3AF7BAEF26647B47B349ECEA/,619,546,1776256908
8629005,Flawless Goblins,Fg,894,https://cdn.steamusercontent.com/ugc/15584678786921242398/22B6D0E0DEB454BCAC1B052C20A15632A3307654/,2167,2215,1776256908
10060977,Cinqueblinks,Cinqueblin,894,https://cdn.steamusercontent.com/ugc/15900751100275688899/7BC2893EC6AA5A171DA57B760F482B86E2A78D45/,16,35,1776252680
9768002,Lunar Vibes,LV.,1049,https://cdn.steamusercontent.com/ugc/17496570273790358715/BC3F9F10812A718EE45DD10CBA85B2D80B5A13F2/,611,591,1776250787
9636142,Ghost Sheep,GS,1090,https://cdn.steamusercontent.com/ugc/26556371895243836/2463CD2FDC05838CACEB66AAE27F597798C40B34/,66,45,1776249302
2576071,Yellow Submarine,YeS,1296,https://cdn.steamusercontent.com/ugc/2506900380361558769/01D7A1FC1156B0550B4EF9EA2A3A2AF84D9BF884/,324,259,1776247924
9928636,Team Lynx,LYNX,1260,https://cdn.steamusercontent.com/ugc/12310052430037760102/643518619FD1EC99DB98FC12C5D8970751E16A2E/,108,76,1776247924
9593609,Nethercore,NC,1160,https://cdn.steamusercontent.com/ugc/2442732965763263237/79D0D159903371DC20501B6507AA311EF6FAFE86/,708,471,1776245546
9729268,Teiko,Teiko,968,https://cdn.steamusercontent.com/ugc/6299284120712000/3FF228A7F7409318EEC092C18C14AF690A009B35/,424,431,1776245546
8629315,Wiser Warriors,WW,850,https://cdn.steamusercontent.com/ugc/14154888254930795001/3F3EACF80189E228E2157702CDB1AF7BA2A118F8/,2145,2157,1776242743
2443375,Foxy gaming,Foxy,904,https://cdn.steamusercontent.com/ugc/17932764417651580668/D9F2852995D07361029600CFB97DAC1DF653098B/,2218,2236,1776242743
9895818,Eye Gaming,N/A,1063,https://cdn.steamusercontent.com/ugc/13197135716044564302/20CB1AA41471ABE1B5C460D8CBDE915E595F8B23/,28,33,1776238393
9767998,Nova Pulse,Np,990,https://cdn.steamusercontent.com/ugc/14957676909853784322/CFAAF12C155D813F1A550D331DD6BAF02CDE0B66/,600,581,1776234948
9048057,Vitality Warriors,VW,980,https://cdn.steamusercontent.com/ugc/17220939249028065427/0C86B02A1DE162738528F0D26F28A9663D680034/,649,580,1776299077
8850016,FLYING FORTUNE,Ff,1098,https://cdn.steamusercontent.com/ugc/1914618053677183905/643B71E4BC0996372029AC8E917018769F378A6F/,661,624,1776299077
9691942,Nethercore,N/A,1058,https://cdn.steamusercontent.com/ugc/9674050900994101/79D0D159903371DC20501B6507AA311EF6FAFE86/,191,152,1776226698
9098294,Carstensz Esports,Carstensz,1082,https://cdn.steamusercontent.com/ugc/18170046277262960383/ECC4AAB63228E40A72F5A25D4D8A2F1A9E8622F9/,168,228,1776226505
10108685,Winter Squadron,DCTE,956,https://cdn.steamusercontent.com/ugc/11687554524685893034/23DADFCA0A7AFDAE3654C4742ED4EDDBB9CDF570/,6,7,1776226505
10109281,Pattern Hunters,PH,1010,https://cdn.steamusercontent.com/ugc/16251694427033515871/53E0DBBB18F1BAE6C60063451709CDFE9E5C07EA/,3,3,1776223669
10109291,Neon Knights,NK,1021,,5,3,1776223669
10108947,SouthAmericaRejects,SAR,1120,,9,7,1776219326
9303484,HEROIC,HEROIC,1291,https://cdn.steamusercontent.com/ugc/2471984170520125054/B066431AF4D322D300DD5180CEC8F6BA0E85A7F5/,345,288,1776219326
8849837,FALL VICTIMS,FV,1069,https://cdn.steamusercontent.com/ugc/15735044892930304030/DF26E33597EAEB9EBB3F085DA1CA7667E5E11BCB/,977,979,1776218706
10109292,Signal Forge,SF,986,https://cdn.steamusercontent.com/ugc/12682255087731661649/C78F8802229CF73E6F93CD8D7A91A7CFAC104A84/,4,5,1776215137
10109294,Etherium Warriors,EW,1027,https://cdn.steamusercontent.com/ugc/14118326504994797479/C8EB8D222CED7D8C22A78F698BDE13BB432CEDE4/,4,2,1776215137
9005364,Night Vision,NV,993,https://cdn.steamusercontent.com/ugc/2460727068613839643/35E9953E42B26F1F51DB7285BA04DC200FC27A76/,516,508,1776211154
9964962,GamerLegion,GL,1359,https://cdn.steamusercontent.com/ugc/13245379764580870318/1048428BEFAC87EC1C64E15706A4758A173B5BFB/,66,61,1776204897
10108655,Amaru Flame,AF,996,https://cdn.steamusercontent.com/ugc/12418368619970569431/3E987A5B1C9F9B1FA94C43B5A5A1A69F46F0CB04/,1,5,1776204897
10027925,Shinigami Gaming,Shini,931,https://cdn.steamusercontent.com/ugc/16866271759129191847/C12857D2734CBDE2305EBCB7FABFB66FC5D5C148/,12,16,1776195660
9718665,Eye Gaming,N/A,1005,https://cdn.steamusercontent.com/ugc/9676130257263274/20CB1AA41471ABE1B5C460D8CBDE915E595F8B23/,91,80,1776195660
10108600,Team Noise,Noise,1105,https://cdn.steamusercontent.com/ugc/13418475399296116043/7E682207931716909D930CED46168DDECC7EBF64/,12,7,1776194638
9834545,Eye Gaming,Eye Gaming,976,https://cdn.steamusercontent.com/ugc/18043578874057384613/20CB1AA41471ABE1B5C460D8CBDE915E595F8B23/,10,13,1776193672
8843862,BIZ GAMING,BIZ,879,https://cdn.steamusercontent.com/ugc/2012575785490163795/6C12DB5545038B3494AF4BD1686E1E0B5269E2A7/,11,26,1776191156
9635581,Eye Gaming,N/A,1024,https://cdn.steamusercontent.com/ugc/20926872358754095/20CB1AA41471ABE1B5C460D8CBDE915E595F8B23/,15,12,1776190530
9878408,Elite Eclipse,N/A,1051,https://cdn.steamusercontent.com/ugc/14877355293103721067/8DE99E9FEB3212DA4970EACF23AD9BFBE939BD45/,69,52,1776190530
7299465,MODUS,MODUS,1047,https://cdn.steamusercontent.com/ugc/14077644708670505334/36409D625C55D97991C01963AC36494B78953C5A/,26,35,1776186975
8255888,BetBoom Team,BetBoom,1409,https://cdn.steamusercontent.com/ugc/9995426432403529725/51E13136D4CCC8C7D8062861541A1D13B8ED87E0/,626,503,1776186018
9303383,L1GA TEAM,L1,1294,https://cdn.steamusercontent.com/ugc/40063200209690390/20B527165E8E637C83F27A62FFE1AE957CB43018/,400,314,1776186018
2163,Team Liquid,Liquid,1473,https://steamcdn-a.akamaihd.net/apps/dota2/images/team_logos/2163.png,1764,1208,1776185157
9338413,MOUZ,MOUZ,1308,https://cdn.steamusercontent.com/ugc/14936784213521439739/3EA33A8516BDE538B7963F044CD1B7AB4B0BB60D/,398,358,1776185157
9530716,Air Defence,AD,882,https://cdn.steamusercontent.com/ugc/2417958726624961451/B735C35337F59604BC717BC7E2FDFC3B09080C6D/,176,269,1776183686
10040639,Ember Enjoyers,SN,962,https://cdn.steamusercontent.com/ugc/13432247523849355538/AFC7C6AD36DE810993E6BEF1F469F15BA2E16FD7/,7,12,1776175977
8680909,ALIS VENTORUS,AVE,1058,https://cdn.steamusercontent.com/ugc/1848168397327296131/946582AD4504E7EDB5CA07799B805F5319C54C95/,46,50,1776165836
9879852,Ivory,Ivory,1118,https://cdn.steamusercontent.com/ugc/18056828430213131275/4F94167F713A16857C15C4BB9ABB7E33B0F8CCE6/,131,124,1776162913
9828897,REKONIX,RKX,1271,https://cdn.steamusercontent.com/ugc/16170413258693955016/5ABDC787F5CF4BBDD603F15933D9F5B0F8EB0D8A/,137,74,1776162913
10101574,Alis Ventorus,AVE,995,,0,1,1776162353
9885310,Roar,N/A,1094,https://cdn.steamusercontent.com/ugc/18408146465981986437/CCA9A02305890B647AD50B62CC974C83CC87B551/,72,70,1776160127
726228,Vici Gaming,VG,1328,https://steamcdn-a.akamaihd.net/apps/dota2/images/team_logos/726228.png,1469,1074,1776160127
9850400,Teiko,Teiko,1028,https://cdn.steamusercontent.com/ugc/13932796777309090168/3FF228A7F7409318EEC092C18C14AF690A009B35/,9,8,1776151953
9729342,Elite Eclipse,EE,1027,https://cdn.steamusercontent.com/ugc/6299284121489116/8DE99E9FEB3212DA4970EACF23AD9BFBE939BD45/,56,67,1776151953
9563873,Elite Eclipse,EE,1051,https://cdn.steamusercontent.com/ugc/2492270657680171854/8DE99E9FEB3212DA4970EACF23AD9BFBE939BD45/,103,69,1776148796
9691969,Team Nemesis,NMSS,1218,https://cdn.steamusercontent.com/ugc/16578975333650734744/040492179D9E0E83DA0559848D88CFC17A1EFCAC/,100,85,1776148861
9973656,BTC Gaming,BTC,1067,https://cdn.steamusercontent.com/ugc/16284697098045899650/9184E980092DCF5DB380DB39CCE90CE81DF00DBC/,32,32,1776138729
7119077,Hokori,Hokori,1071,https://cdn.steamusercontent.com/ugc/2270440475417693057/E6CD5B8C942B91762340873685BD895A84077330/,352,351,1776118691
9895392,Virtus.pro,VP,1249,https://cdn.steamusercontent.com/ugc/13061694558372404982/7AC363D410AC6F2F4B016EE7D73B7C266D0113F9/,75,77,1776112878
2885851,GIOR DOTA,SALITAS,1034,https://cdn.steamusercontent.com/ugc/15293258910399767219/489BABB65DDA474C37E87D9A19FAB5BBE8B543A6/,13,9,1776109287
8965331,Chandogs,Chandog,1013,https://cdn.steamusercontent.com/ugc/2051985634560974622/BB703A683AB46C52CD975F7F5B812E152F2F7A0D/,35,41,1776104189
55,_PowerRangers,PR,1196,https://steamcdn-a.akamaihd.net/apps/dota2/images/team_logos/55.png,506,513,1776103927
9600141,Zero Tenacity,Z10,1191,https://cdn.steamusercontent.com/ugc/23174701605135839/B5A052B86AE5F123031508603154EAD51013C412/,343,373,1776099483
9255039,1w Team,1w,1211,https://cdn.steamusercontent.com/ugc/10418434998893309146/D485C68E769779EF4454C5D81A23520BF9B7B1C5/,400,300,1776089904
9948367,Team Spirit Academy,TSA,945,https://cdn.steamusercontent.com/ugc/16328404359541313451/267BF3359F3B03492C44331ACB4B9C03BD51C728/,119,97,1776089475
9896157,Elite Eclipse,N/A,931,https://cdn.steamusercontent.com/ugc/14282851799988796186/8DE99E9FEB3212DA4970EACF23AD9BFBE939BD45/,31,37,1776089105
9964674,Dominion,N/A,1023,https://cdn.steamusercontent.com/ugc/16002432148312662237/871A78A27BBA2ABBD82864F988C23D15C7351836/,5,4,1776089105
10081680,GLYPH,GLYPH,1193,https://cdn.steamusercontent.com/ugc/17521324169419112276/F3F4EBC942578E127594737DB79BF3087A18C1DF/,35,11,1776089767
10108713,Breeki Cheeki,N/A,1088,,7,5,1776088548
9781824,PSG.WINGS,TI8冠军,1031,https://cdn.steamusercontent.com/ugc/17408133608900587437/9A9DBC34664D26EA8F1C89112837C4EC4ED9BAF3/,2,0,1774359136
9461271,Elite Eclipse,EE,1020,https://cdn.steamusercontent.com/ugc/2493386410232285294/8DE99E9FEB3212DA4970EACF23AD9BFBE939BD45/,27,30,1776086465
5017210,Team Resilience,Resilience,1020,https://cdn.steamusercontent.com/ugc/15907413066975203049/68C9F7C15D104837639C65B11E95D0DF81D268F2/,19,25,1776142840
10108166,Mideng dreamer,MD,1001,,3,5,1776085626
9886115,Shinigami Gaming,N/A,1068,https://cdn.steamusercontent.com/ugc/13016355516069704561/C12857D2734CBDE2305EBCB7FABFB66FC5D5C148/,47,37,1776083832
7554697,Nigma Galaxy,NGX,1288,https://cdn.steamusercontent.com/ugc/1827894588975105240/421C0D8318D71D5DD31FD08A7933AB622AE26590/,601,568,1776083633
9939448,野狗,N/A,1029,,2,0,1761912481
9849465,Nethercore,N/A,1009,https://cdn.steamusercontent.com/ugc/12615799110964396223/79D0D159903371DC20501B6507AA311EF6FAFE86/,29,37,1776076171
9995737,Eye Gaming,Eye,1008,https://cdn.steamusercontent.com/ugc/13277081658527639642/20CB1AA41471ABE1B5C460D8CBDE915E595F8B23/,29,38,1776076171
9351740,Yakult Brothers,YB,1118,https://cdn.steamusercontent.com/ugc/9580393375914418016/A3EDE6125A651D94E1DAAF0F3361ACEB9FB858C4/,202,247,1776071756
2586976,OG,OG,1216,https://steamcdn-a.akamaihd.net/apps/dota2/images/team_logos/2586976.png,1240,931,1776071592
9894442,Cloud Dawning,N/A,921,https://cdn.steamusercontent.com/ugc/14902495797655592415/9D4BC87F4C98F71C68CB31409D2695A25967AA16/,20,42,1776147341
10102123,Essence,N/A,892,https://cdn.steamusercontent.com/ugc/10621568587610386636/9F1886A04D49D8D1A0C85656C0D37C8478C91314/,1,10,1776069087
10054177,Nethercore,N/A,984,https://cdn.steamusercontent.com/ugc/14931583546846438242/79D0D159903371DC20501B6507AA311EF6FAFE86/,3,4,1776064660
9628721,Teiko,Teiko,987,https://cdn.steamusercontent.com/ugc/5163021536155288/3FF228A7F7409318EEC092C18C14AF690A009B35/,16,20,1776064660
9886289,Cloud Rising,N/A,941,https://cdn.steamusercontent.com/ugc/16842259658864392628/8ACB6192E62298871A51D0D7B0DFDBA73BFE6F44/,25,42,1776060274
9315393,The goal of all life is death,N/A,1041,https://cdn.steamusercontent.com/ugc/61460041969120342/0DF88D7F843A2FC487DD198299EA1033B2842819/,30,32,1776061478
8944230,Yangon Galacticos,YG,995,https://cdn.steamusercontent.com/ugc/2473119197018013407/9F54FB2ED4476EA67C55994F5FB7CDAC3B882809/,94,105,1776057310
8254145,Execration,XctN,1084,https://cdn.steamusercontent.com/ugc/2490004871924581269/9132E5E0903B2A368A00780415D69766292F5893/,678,614,1776057011
9546449,Yangon Galacticos,YG,1069,https://cdn.steamusercontent.com/ugc/2473119197018013407/9F54FB2ED4476EA67C55994F5FB7CDAC3B882809/,78,79,1776052840
10109280,Vector Velocity,VV,969,https://cdn.steamusercontent.com/ugc/17013381100302412563/B2CBCDEFF9348FB36B073D1D53F09A79899EDFE2/,2,4,1776049411
10109303,Data Thunder,DT,1015,https://cdn.steamusercontent.com/ugc/14108011435417332390/A693D6C8C23A5DA120B7AC82F018BC9ADE187E90/,2,1,1776049411
10109300,Meta Strikers,MS,990,https://cdn.steamusercontent.com/ugc/12789601037121087351/0A1A23A061A0A4444A8D39108973B69D437B98E7/,2,3,1776040718
10109298,No Tidehunter,NT,978,https://cdn.steamusercontent.com/ugc/16430915981350881156/2B3C74747CF75DEA3959ED4CB724C91FE5E33E75/,1,2,1776040718
8124644,Golden Wolves,GW,886,https://cdn.steamusercontent.com/ugc/17850571110497771047/C30553B3119C53EEDE226A51F8C56FC47D1CA50A/,0,8,1776035727
9866035,The Bros,TB,1026,https://cdn.steamusercontent.com/ugc/10341579412205303367/90C5AD58AFC82E35AF287EE6BEA611887009D726/,7,4,1776035727
2647338,MightyGods,M.G,1020,https://cdn.steamusercontent.com/ugc/11305860900783862711/DA9A1581F429F5A5DEE7FEF0A3EBE75F02A4D207/,11,10,1776029222
10034132,Ositos Tilteados,[OsTil],924,https://cdn.steamusercontent.com/ugc/9826243455293122679/FA5B6236ACCF1A10CA8FE31DD131831D8AB20A32/,1,6,1776029222
36,Natus Vincere,NAVI,1408,https://steamcdn-a.akamaihd.net/apps/dota2/images/team_logos/36.png,1393,1171,1776026658
9839211,Dominion,N/A,1077,https://cdn.steamusercontent.com/ugc/12137513542196204777/316F67C51D538439877450D7A073402423E8B417/,42,45,1776018087
9493513,Shinigami Gaming,Shin,916,https://cdn.steamusercontent.com/ugc/2487760715922702548/6204E1A0315057E9F227EDBCD42DB8F193B593AF/,24,39,1776015022
9684245,Shinigami Gaming,Shin,1003,https://cdn.steamusercontent.com/ugc/15301647012547687/C12857D2734CBDE2305EBCB7FABFB66FC5D5C148/,28,27,1776008414
9818938,Teiko,N/A,977,https://cdn.steamusercontent.com/ugc/18213172118310814673/3FF228A7F7409318EEC092C18C14AF690A009B35/,40,49,1776008414
9397016,Elite Eclipse,ElEc,1006,https://cdn.steamusercontent.com/ugc/2481000678834385467/8DE99E9FEB3212DA4970EACF23AD9BFBE939BD45/,116,132,1775993744
10014708,Eye Gaming,N/A,1022,https://cdn.steamusercontent.com/ugc/17155208998504168402/20CB1AA41471ABE1B5C460D8CBDE915E595F8B23/,25,25,1775989938
10101464,Mideng dreamer,MD,1037,https://cdn.steamusercontent.com/ugc/16403113070392232077/65448DF747C6F53F6AF6AF5E5D7143F08B683F03/,6,3,1775984800
9820028,Los Jinetes,.LJ'S,908,https://cdn.steamusercontent.com/ugc/11024484835485638852/F6BB0AF267AD3E68DDE9F7868564D04499AA1A01/,0,7,1775952742
10081473,F-150,F150,997,https://cdn.steamusercontent.com/ugc/15189815425493459915/E05233A91D10A1572D5934BCB5BFCE26916F88EE/,4,4,1775950418
8080754,Panda5,Panda5,1120,https://cdn.steamusercontent.com/ugc/1465311368136101760/319912C6631CABB60AC43B7AC14B16C8CA741EAC/,9,0,1775950418
2114225,KINGSURF,Ks,992,https://cdn.steamusercontent.com/ugc/878628022034871329/E10F43FCA8511D9291C90F1FD4B6E4691140152B/,3,4,1775942537
581153,Y2K ,Y2K,986,https://cdn.steamusercontent.com/ugc/82591194012031725/F75ABE6DA64DF3837B9F171BD6E3F6D9D78D4D2C/,3,4,1775942537
10114405,Not,Not,1020,https://cdn.steamusercontent.com/ugc/13944759918367898552/930D531C5EA5032FE9A7A62BBD087286975611B9/,2,0,1775941410
9658086,The Bug,bug,859,https://cdn.steamusercontent.com/ugc/37824714926951382/B551FEDDDE15341B337766383045A875DC42C47E/,17,34,1775941410
9026338,TUNDRA PRIME,Tundra,914,https://cdn.steamusercontent.com/ugc/11672307732152379237/208856257F45FF0090594CD15631AD20E28100FB/,6,15,1775931268
10109812,SoNNeikO clan,N/A,1012,,1,0,1775931268
10108960,RAW,N/A,931,,1,4,1775929482
10060935,xd,N/A,1030,,2,0,1775924732
9677738,Крутецкая Круть,#Kruto,984,https://cdn.steamusercontent.com/ugc/35567211357972721/07897ECCDAB51874997C1F8C40E2408A979B68A3/,0,1,1775924732
9860197,Eye Gaming,EYE,988,https://cdn.steamusercontent.com/ugc/14884144452170633934/20CB1AA41471ABE1B5C460D8CBDE915E595F8B23/,22,17,1775922259
9572001,PARIVISION,PV,1568,https://cdn.steamusercontent.com/ugc/10501094611027794535/1569CC553CB72963C8EC4C3F807EE50DA925BDC2/,282,153,1775920321
10060617,Team Levantic,LVT,980,https://cdn.steamusercontent.com/ugc/10176028166759055303/48E4DA69A280516E4C6E6EAC2626A34614379EB2/,1,2,1775920001
10101932,Outsiders,OUTS,943,,0,4,1775916820
10001733,Enjoy ,ENJY,957,https://cdn.steamusercontent.com/ugc/18193192381655190777/CDE0179705D2F1EEA0AB1419EE0F3DFB4BBF35C2/,8,11,1775916195
10020555,PlayTime,PlayTime,1102,https://cdn.steamusercontent.com/ugc/11668290585730417471/FB22B7ED74C1C73D4E27C0CBBBF47FC194611231/,16,18,1775905687
10101793,BALU TEAM,BALU,926,https://cdn.steamusercontent.com/ugc/16265516892636593699/5C36CAE2E37687FB5A900E9D5006B0948AADAA43/,4,13,1775903439
9797883,Nethercore,nt,1018,https://cdn.steamusercontent.com/ugc/17777674265630330071/79D0D159903371DC20501B6507AA311EF6FAFE86/,16,18,1775903359
10102110,Satan666,ST,950,https://cdn.steamusercontent.com/ugc/18003854356446470324/60058F0E4C503ADDB1EFDD7F8EE0C57A90E323C7/,6,10,1775896090
9895695,ToLight,TL,872,https://cdn.steamusercontent.com/ugc/13751617450350882245/E56171571997EF022A2C29AF9B35C63A66347EB3/,1,11,1775887612
9657799,Whoa-Sirus,WhoA-Srus,1016,https://cdn.steamusercontent.com/ugc/13047310511089627/01B6DC74494B15EDAE295BAE26A838D0DA1E8FE7/,1,0,1775855070
10095819,Los Waskas,L.W.,983,https://cdn.steamusercontent.com/ugc/9755321603091383555/7379C77093F4CCDA80B03AC0CE3EDADC7DDB20BD/,0,1,1775683948
9866136,ggboom,GB,922,https://cdn.steamusercontent.com/ugc/18196709259293390615/2852E85B33A6D72BFF647AC4D7B75ACFA4BA339B/,3,8,1775857955
9041543,KaiserNet,TCat,984,https://cdn.steamusercontent.com/ugc/14401095529753031151/5E758373428D42E40BEB6DB889E7493386020EC9/,0,1,1775857140
5168070,Well,Wll,986,https://cdn.steamusercontent.com/ugc/1298675415169103594/BAEC3C40C2AA28751EA83281054D643E1650CB68/,0,1,1775682298
10082589,LAVA SPORTS,Lava,1023,https://cdn.steamusercontent.com/ugc/14581734208286567903/B2D2DF15C799FC77053F1785F3332D9D7ED44099/,4,3,1775855416
7554144,Icefly,IF,984,https://cdn.steamusercontent.com/ugc/793126347420290565/1D526D74C7C319660AF7279DDC4C786CBA8EBABA/,0,1,1775855416
9798986,Tt Game,TT,910,https://cdn.steamusercontent.com/ugc/17835456262154316641/4C8DE375665A6135B814EB1AF75255096D1B4684/,3,10,1768687812
9805701,BIZCOCHOS KARIM,BM,1016,https://cdn.steamusercontent.com/ugc/11945551304829004334/E15F44AE8B8C29AB4185015E29E88F87321252BB/,1,0,1775855357
9964542,FIC EMPIRE,XD,984,,0,1,1775855357
8890220,Guerreros ZZZ,N/A,984,https://cdn.steamusercontent.com/ugc/2033991345191806480/25D3113A1CD7D75FFF26A3A216A796B0D0A9B3E9/,0,1,1775855070
10108942,Eoka,EOK,998,,1,1,1775854594
10115965,BloodyRose ,BR,1028,https://cdn.steamusercontent.com/ugc/18319968112198277525/2A7A8AF97F83D018A54851B82EEEDAB1B10FCA52/,2,1,1776428481
9444076,NGNB,N/A,876,https://cdn.steamusercontent.com/ugc/2453978011446860015/C387846B739B76C33165CB2671AD401EFFA493B2/,11,23,1776411269
9885928,Thriving,THR,906,https://cdn.steamusercontent.com/ugc/15300721713845547564/341D7E2065039C83E348D88E6C28C229B2B01C63/,16,27,1776411269
10115321,Yakult Brothers.XiongChuMo,YB.XCM,980,https://cdn.steamusercontent.com/ugc/14824397880565756244/018FFA4274A0EF85CE5785544A1B9465485C97D9/,0,1,1776406140
9828921,Air Defence,N/A,1125,https://cdn.steamusercontent.com/ugc/17727916518495667984/71BFF3236859F5696792263022626938A975FBD6/,107,169,1776349227
9988580,OwNing ProS DaiLy,oPd,1047,https://cdn.steamusercontent.com/ugc/16257640542192296943/F4402A77656703C67B654F0723DF75B035CAC3F2/,5,2,1776633292
9564441,Eye Gaming,Eye,1014,https://cdn.steamusercontent.com/ugc/2492270746261050056/20CB1AA41471ABE1B5C460D8CBDE915E595F8B23/,52,42,1776630182
9471435,Teiko,N/A,951,https://cdn.steamusercontent.com/ugc/2531667816654953569/3FF228A7F7409318EEC092C18C14AF690A009B35/,9,21,1776621652
8291895,Tundra Esports,Tundra,1520,https://cdn.steamusercontent.com/ugc/2031716132171967904/07B168B8063D9B22CDAD53AB421ECAF3D4B2E07E/,785,486,1776618849
10121883,Kiba Arms,KB,993,https://cdn.steamusercontent.com/ugc/15790732773857810726/C874F0EBA5B3083240361F889D627EC9FEA1E177/,1,2,1776610644
9247354,Team Falcons,FLCN,1436,https://cdn.steamusercontent.com/ugc/2314350571781870059/2B5C9FE9BA0A2DC303A13261444532AA08352843/,531,276,1776610484
7119388,Team Spirit,TSpirit,1401,https://cdn.steamusercontent.com/ugc/1839179120711951766/CD7E0885CB527334205CC7885E9C101B7BC17702/,883,597,1776610484
9823272,Team Yandex,TY,1434,https://cdn.steamusercontent.com/ugc/12970505637628494427/B04C3358F4E815ADFC2F8B1B8BE3AB0CE75C8881/,143,107,1776607112
10095351,BloodyRose,N/A,1189,https://cdn.steamusercontent.com/ugc/16958336780697718794/2A7A8AF97F83D018A54851B82EEEDAB1B10FCA52/,16,2,1776591730
8261500,Xtreme Gaming,XG,1464,https://cdn.steamusercontent.com/ugc/2402194226059610590/E3CF4B6C4B2CFB974A9B415141E4A37317AD4D80/,584,488,1776589541
9467224,Aurora Gaming,Aurora,1487,https://cdn.steamusercontent.com/ugc/13052583756685508/22B0338D7E09FB2F021E5DB5BBEFFD170D5E5E1A/,319,235,1776589541
7917893,InterActive Philippines,IAP,1119,https://cdn.steamusercontent.com/ugc/2027237398680799842/956E1BD2F9D917430D3813A799CBFBAF443F169F/,206,368,1776583622
10116131,Elite Eclipse,Elite,979,https://cdn.steamusercontent.com/ugc/16275783529269840775/8DE99E9FEB3212DA4970EACF23AD9BFBE939BD45/,0,2,1776496873
9564888,Dominion,Dom,1039,https://cdn.steamusercontent.com/ugc/2497900427469091720/871A78A27BBA2ABBD82864F988C23D15C7351836/,78,75,1776327918
9622426,Dominion,N/A,1020,https://cdn.steamusercontent.com/ugc/9665805740876734/316F67C51D538439877450D7A073402423E8B417/,66,71,1776316345
5250783,SKiLL_GAMING,N/A,1000,https://cdn.steamusercontent.com/ugc/2440264899371278433/214752C93EC0CA16862E8504F4D7034FACD6EF31/,0,0,0
10007804,Eye Gaming,Eye,942,https://cdn.steamusercontent.com/ugc/9262159377925522396/20CB1AA41471ABE1B5C460D8CBDE915E595F8B23/,10,14,1775847928
9572165,Agressiv Style,Agressiv,864,https://cdn.steamusercontent.com/ugc/2469753292832357205/2C1EABE80F5A6589C5FB9988D0AD447167F1E707/,13,22,1775838263
9872558,VP.Prodigy,VPP,993,https://cdn.steamusercontent.com/ugc/14581250409270220011/5671D3A28C6BBBDFCF9962555BAF48D3EFFED120/,72,96,1775826337
10040801,Leto,Leto,991,https://cdn.steamusercontent.com/ugc/16769971082158520414/85893FFAD0F15BC5E1C5FE71AB13E4C4A385CE52/,1,1,1775829363
10108719,KVARTAL95,KVRTL95,963,https://cdn.steamusercontent.com/ugc/18228374011610178335/88B16BB6A6A996E017F7F0C36E96BA80C3DC9914/,0,2,1775832371
9824381,DOGSENT,DOGSENT,949,https://cdn.steamusercontent.com/ugc/15641291844721657104/BD9D1E9D41C910F507D63C377BBCCED43CD21641/,14,24,1774019837
4086533,Pleaze Gaming,PLZ,928,https://cdn.steamusercontent.com/ugc/11218206832400130285/C22AD380A5721BCFF5E3A5E239B8C9A9500249BA/,0,5,1775830029
9886393,NAVI Junior,NAVIj,899,https://cdn.steamusercontent.com/ugc/10986468252407139054/5C6EFC9004093ED29E9B48242DE79418BDDBFE30/,26,92,1775829363
10108712,golybci,N/A,963,,0,2,1775826523
10034245,Legion,Legion,962,https://cdn.steamusercontent.com/ugc/12442882131714728194/EA278AFC5FAA138C1A896B8DA4A1FC262981F4F4/,0,2,1775826463
9766265,Team Lipstick,Lipstick,907,https://cdn.steamusercontent.com/ugc/13789409914672034204/28D789E9949968602EC2911E2CD45F5D6EEEEA1D/,2,10,1775826337
9455153,Gensokyo,GNSK,981,https://cdn.steamusercontent.com/ugc/2482126578742483976/4781AC06E6735E1AB10026DE6EE9F2C3795704C4/,0,1,1775826147
9947953,Nexus Team,nxs,1000,https://cdn.steamusercontent.com/ugc/9800215292204673418/16412FE3481A1FBF45F3E1F50D31781E8FA4AC81/,0,0,0
9760182,Azutive Fans,AzuFans,984,https://cdn.steamusercontent.com/ugc/16437658320040542963/0DCFE2EAE0CE2E9D69A29B1E8AE279561B9EE75D/,0,1,1775826083
10067887,Gator Legs,GL,1016,https://cdn.steamusercontent.com/ugc/14193978837709199214/6130963991E94B4EFBEE2944FA46BA13CB466359/,1,0,1775826083
10061030,Nethercore,Nethercore,948,https://cdn.steamusercontent.com/ugc/12676162250101193153/79D0D159903371DC20501B6507AA311EF6FAFE86/,0,5,1775820431
9865903,Veroja Gaming,VRJ,1045,https://cdn.steamusercontent.com/ugc/17921274863359181458/AFC16E7D3BFE39DCD3DD355A639D5B522E882317/,73,72,1775095079
9545342,KINGS,N/A,993,https://cdn.steamusercontent.com/ugc/2458493749667048684/2DB29E634CEA4F778D749E9B02ABEE8363BCFEC5/,0,1,1775635523
10020582,KENCHANG TO HOY,KTH,1000,,0,0,0
10108885,EEZZ,N/A,986,,0,1,1775801140
10108944,Team Freedom,N/A,970,,0,2,1775770190
10108781,DarkStorm,DS,1039,,3,0,1775770190
1798457,Hokori,Hk,1018,https://cdn.steamusercontent.com/ugc/2273817764862395533/4669EB60CBE75674BC738516919F5C53A1BD148C/,70,67,1775768554
9628678,Teiko,Teiko,999,https://cdn.steamusercontent.com/ugc/53576717528430814/3FF228A7F7409318EEC092C18C14AF690A009B35/,63,62,1775750759
9917087,KukuysV3,KKYS3,977,https://cdn.steamusercontent.com/ugc/18265142514902633409/D2CDC93CAF66CABC191729D0DB4129731CFD6D3B/,2,7,1775729767
9081369,Infamous Gaming,Infamous,982,https://cdn.steamusercontent.com/ugc/2032858469296144304/EDF6030FFA1952797EE94712BB781280D5034932/,76,105,1775688635
8526911,El otro equipo me la chupa,XDD,1023,,6,5,1775687979
10108787,BTS Army,BTS,982,https://cdn.steamusercontent.com/ugc/14061200262087194480/8DF6CF2A5D61A504957DC4BDE11F6C875E96A356/,0,1,1775685440
9855673,EHOME SA,EHSA,1001,,4,4,1775684913
10020357,InmortalClass,IC,983,,0,1,1775684913
9352634,Acatsuki,aCat,1031,https://cdn.steamusercontent.com/ugc/2532781589097934051/C24F4F764719959A21D7F58688E146F8F982E521/,27,75,1775683695
6765751,Belial Gaming,BLG,895,https://cdn.steamusercontent.com/ugc/1678121042186214860/39EDE135A62C1DCCC237B13EEA78A19C940DD1B1/,3,11,1775683457
5002734,Aukka Gaming,AKG.,982,https://cdn.steamusercontent.com/ugc/2267066042866669387/BAD08B0BFBC28AE45C36108E71A2DD1FFD9FBD1C/,0,1,1775682521
9640559,Chincha Players,CHPL,981,https://cdn.steamusercontent.com/ugc/12171124024642452730/422C18E0C1C14FF6FB06AE3326C8A45BFD350806/,0,1,1775682442
9806604,Capibaya Team,CPBY,1000,https://cdn.steamusercontent.com/ugc/9627800930921187668/5343664436F7DB8D5BB4C941BA1CF217EC5863D2/,0,0,0
9476603,OnlyGuapos,OlyG,1031,https://cdn.steamusercontent.com/ugc/16753691842112943576/93670A088AD326A4A9981B6CA7B89FD47A3C3F47/,2,0,1775682400
9572187,Phoenix E-Sports,PS.,984,https://cdn.steamusercontent.com/ugc/2472005092647947899/4898F60F783FFF3EDB94697FD99428953B40E727/,0,1,1775682400
10075251,Bayou Bloodseekers,BB,1080,https://cdn.steamusercontent.com/ugc/13883518248043864449/CEA7C69FC25B6B57E1D72E2C799927C9625B33BA/,10,3,1775679532
10075106,Manhattan Melee,MH,1023,https://cdn.steamusercontent.com/ugc/15015766977369210500/59F755DCC8C1979F56B8EE167103DFDED918ECD5/,3,2,1775679532
10026281,Team Epoch,N/A,1000,,0,0,0
10075254,Aegis Americana,AA,968,https://cdn.steamusercontent.com/ugc/18388389725819019747/1A50D594A49D51979874805E3283D637BA63076E/,4,6,1775671253
10075107,Pancakes & Pango,PP,1013,https://cdn.steamusercontent.com/ugc/14096123833669289237/0D0CB4349E3A23DA72ABB2187DD687EFE143F38A/,7,6,1775671253
9752855,Prime Time ,N/A,999,https://cdn.steamusercontent.com/ugc/13606813606048493430/7FD1B5B2A32FBEFA5133319AAC0788B08E45B3D8/,3,4,1775662744
10108268,kijeyka,Dolce,998,https://cdn.steamusercontent.com/ugc/16049003995044966647/006E41BEDFA7DB77F332A1A2B4990CA1715383A5/,1,1,1775662744
10055004,Kitsune Esports,Kitsune,1006,https://cdn.steamusercontent.com/ugc/11242599837508447558/D6F9CDD8F18CF3C86CB1F36CFB365347D79F5AE3/,1,1,1775660333
9775662,4vs6,N/A,1000,https://cdn.steamusercontent.com/ugc/12367186884878212463/8B14CC6C690EF010763C4289C17726FA47679FE3/,0,0,0
9273043,Dark Horses,DH,1016,https://cdn.steamusercontent.com/ugc/34443848843162492/BD9F2A5C7ACA2134CCF34D16BB5926A4C1C6BA6A/,1,0,1775654713
4461223,Captains,Cpt.,989,https://cdn.steamusercontent.com/ugc/784036350520587353/22BB149C26776E976DCA11AEBCFF427BB532650B/,0,1,1775657302
10000246,Beshketniki,BKK,1000,https://cdn.steamusercontent.com/ugc/10446046673398771868/DB4579750F29A38A6E07426DD28CA15AC433649E/,0,0,0
9916928,Sunny Girls,SG,984,https://cdn.steamusercontent.com/ugc/9926413518066478992/32C3842D7338754DE983EE2E1B84D3E5B22AB208/,0,1,1775655528
10040848,пират team,pirat,1000,https://cdn.steamusercontent.com/ugc/18230924287949803985/66F9835A3B9FD08FBA205B5F2BB0F8D835023AD5/,0,0,0
9316703,1换1,N/A,999,https://cdn.steamusercontent.com/ugc/2273822132426603663/978632EEBF07C817224877B02B6B9299CCD4F05D/,3,3,1775639281
10108677,BigChickenEight,N/A,987,,0,1,1775628815
9466524,Elite Eclipse,EE,1036,https://cdn.steamusercontent.com/ugc/2466364897897467068/8DE99E9FEB3212DA4970EACF23AD9BFBE939BD45/,36,37,1775587525
9872667,Pipsqueak+4,PIPS4,1124,https://cdn.steamusercontent.com/ugc/14017836316804902173/6D59207DB4CBE46D79B9C5007FCD5802858DB860/,131,108,1775570667
9956358,BloodyRose,N/A,1066,https://cdn.steamusercontent.com/ugc/14998765210616746546/2A7A8AF97F83D018A54851B82EEEDAB1B10FCA52/,12,5,1775548888
9823250,...,ТриТочки,972,https://cdn.steamusercontent.com/ugc/12836858123026664015/478811C3B0A249E88D2D96FA9AD0DA7E519EBC8A/,33,33,1775498528
9032628,Смешарики,KROSH,970,https://cdn.steamusercontent.com/ugc/2294087947541121400/324CD678BF7A0703110CA3A28DBED5EF0195998E/,0,2,1775493731
9063293,recruitFOREVER,Rec,1046,https://cdn.steamusercontent.com/ugc/13602020025195323197/2E63E5EB07C2DA31EF9493793C586A871419A3E7/,4,1,1775493731
9773195,Shinigami Gaming,N/A,954,https://cdn.steamusercontent.com/ugc/17923129487182688342/C12857D2734CBDE2305EBCB7FABFB66FC5D5C148/,45,39,1775456224
9054352,Fortnite,alt,1192,https://cdn.steamusercontent.com/ugc/16326258531762154557/88D6A1CB366D006460F6FF183FA8230F26E5C456/,31,13,1775416329
9162355,ShIShulI,SHILL,991,https://cdn.steamusercontent.com/ugc/2099299880563868860/4426EB5414AC2C7F43543E15FBF5DC802A3BFEB6/,0,1,1775416329
9729267,Teiko,Teiko,954,https://cdn.steamusercontent.com/ugc/28817056372840819/3FF228A7F7409318EEC092C18C14AF690A009B35/,7,14,1775413719
10040534,Greyhound Team,GHT,1092,https://cdn.steamusercontent.com/ugc/15110032754519552478/16D13F16B97F4F39FD213A979FF40763AE1CD33F/,14,7,1775411594
10054393,гандоооны дааавай,N/A,1004,https://cdn.steamusercontent.com/ugc/17459547569737527801/C6962C4E522F134418BE66DA5D3EB8F552935FBA/,1,1,1775406691
10108230,Vodka,vodka,990,,0,1,1775402296
9012006,penis,penisHome,987,https://cdn.steamusercontent.com/ugc/2032850229503126268/7AF1F6D79F5F2DC57A1DA1E7E62B00ED1A3E9CBE/,0,1,1775402107
10108233,ShIShUlI,ShI,1031,https://cdn.steamusercontent.com/ugc/13194139031501631783/4426EB5414AC2C7F43543E15FBF5DC802A3BFEB6/,2,0,1775401699
10101292,if six was nine team,ifsx,998,https://cdn.steamusercontent.com/ugc/9658516364549702959/4D51633496F32C114399BDCDB8FC5FCB43215CD8/,2,2,1775401699
3333605,BOCEMHAXA,BOCEMHAXA,1016,https://cdn.steamusercontent.com/ugc/155777414513980988/EC07D1FADD155FD044289A4B72930E3A92CBDE9B/,1,0,1775401690
10108195,Public Revolution,Pu`Re,984,https://cdn.steamusercontent.com/ugc/14065796306971460477/154051126A98E70CE7D6A85E6E0C55D7CE77784D/,0,1,1775401690
9988253,67TEAM,N/A,947,https://cdn.steamusercontent.com/ugc/15169771140673727811/2126D4369EF840D6565533729E182BE1BC7C4DE7/,0,4,1775396735
10108205,VMYASO TEAM,VMYASO,1015,https://cdn.steamusercontent.com/ugc/18286850257365917842/06285646C6BBD0605357527952A770824B5AD4E0/,1,0,1775396710
9554331,Jetpack Team,JETPACK,975,https://cdn.steamusercontent.com/ugc/2446107492353655155/FD098333C2804A6B8B196ED853A85714C9E68B1E/,1,3,1775396710
6410706,STARIY TINKER X2,stariydog,983,https://cdn.steamusercontent.com/ugc/15527944378324621109/01DC41A6FC9F7FE54E0DA36CDF0DF2280579B85D/,0,1,1775396657
10108212,YURI SAGDEEV MINDSET,XUI,984,,0,1,1775396641
10060924,team scorpions,ts,969,,0,2,1774181690
9833894,pitbull team,ptbl,980,https://cdn.steamusercontent.com/ugc/15071965844698174504/2EA911EEB4EB49C04137DE1B5C8411D6563595EB/,4,5,1774786065
10060588,rostov radost ,N/A,990,https://cdn.steamusercontent.com/ugc/15456668064282648974/63282E7406273BBFB0047C5D012CC857DD721B89/,0,1,1775391164
9878122,winzero,WZ,949,https://cdn.steamusercontent.com/ugc/12463880827074113138/41D035D8513D4EF3A12C5EBB1F2E3B246FFA9020/,2,6,1774791653
9607626,ФРИГИДНЫЕ ХУЕСОСЫ,N/A,1000,,0,0,0
10097359,Gaduka gang,gaduka,982,https://cdn.steamusercontent.com/ugc/17787646363920381262/6F9431F98467E37995BD2B3EB8514835886DE01E/,0,1,1775390791
10108153,Средняя школа Тейко,TK,987,,0,1,1775390561
10094706,MaMa9aka,FERTH,999,https://cdn.steamusercontent.com/ugc/10352674807654168313/9421B7E5451CA5C240B779EAE6A794B881281F23/,1,1,1775390490
9710806,Air Defence,N/A,926,https://cdn.steamusercontent.com/ugc/23186113104869993/71BFF3236859F5696792263022626938A975FBD6/,31,41,1775384050
2599202,XR,XR,1012,,1,0,1775318757
9455993,повер ренджерс,N/A,1126,,44,23,1775316192
9724426,Shinigami Gaming,Shinigami ,1061,https://cdn.steamusercontent.com/ugc/5173159093241857/C12857D2734CBDE2305EBCB7FABFB66FC5D5C148/,13,9,1775243828
9705459,TEAM TpaBoMaH,TpaBoMaH,1014,https://cdn.steamusercontent.com/ugc/16160561338229587810/4B6018EDD36B7F94D98153B87C370044B6057A23/,1,0,1775240144
9705435,TEAM LENS,TEAM LENS,953,https://cdn.steamusercontent.com/ugc/11747016895260566275/F09DA86FAABE92DBAC0FC02D42B533C7C8F9FFA8/,3,6,1775240144
10047415,Elite Eclipse,N/A,910,https://cdn.steamusercontent.com/ugc/10865539621420351147/8DE99E9FEB3212DA4970EACF23AD9BFBE939BD45/,1,9,1775156920
9780969,МИНЕТЧИЦЫ,MINET,984,,0,1,1775156497
10067679,Ruina,TopRuina,1031,https://cdn.steamusercontent.com/ugc/17241691828232357810/1EF2F85BF5612045C84E46976F2280FA021F0813/,4,2,1775156497
10061609,fp anti-mage,AM,1001,https://cdn.steamusercontent.com/ugc/15676433433987969446/C45F769601CAB2113D3E8B2865E4162CD854527D/,1,1,1775148930
9555752,Shinigami Gaming,Shinigami,977,https://cdn.steamusercontent.com/ugc/2453989425923827978/6204E1A0315057E9F227EDBCD42DB8F193B593AF/,4,8,1775148283
9710058,Shinigami Gaming,SG,961,https://cdn.steamusercontent.com/ugc/13052583762130971/C12857D2734CBDE2305EBCB7FABFB66FC5D5C148/,41,54,1775119411
9906210,Teiko,N/A,1057,https://cdn.steamusercontent.com/ugc/18334899831341613336/3FF228A7F7409318EEC092C18C14AF690A009B35/,17,14,1775115177
8936613,Wild Dragon,WD,898,https://cdn.steamusercontent.com/ugc/1990057787343993118/C66F122401961BB0D2BFAE0FA3E17D4D8B741B8B/,723,790,1775083739
9579754,Eye Gaming,eye,967,https://cdn.steamusercontent.com/ugc/13743134685675766350/20CB1AA41471ABE1B5C460D8CBDE915E595F8B23/,0,2,1775069394
10101293,GreenTeaWatch,GTW,954,,3,4,1774943723
10101606,BIG,N/A,983,https://cdn.steamusercontent.com/ugc/14522383224343915297/A96C1B40E9B137669F8C60182A7AA18E26656856/,0,1,1774928507
10054916,Nethercore,N/A,1014,https://cdn.steamusercontent.com/ugc/13258806016649520189/79D0D159903371DC20501B6507AA311EF6FAFE86/,2,1,1774878912
9813102,Nethercore,Nethercore,988,https://cdn.steamusercontent.com/ugc/14543666506805145602/79D0D159903371DC20501B6507AA311EF6FAFE86/,9,10,1774874945
10101462,Big,N/A,1010,,1,0,1774841707
10039783,Raidd Boss,RB,965,https://cdn.steamusercontent.com/ugc/13833044025994227379/5B34B3ADB96862BE2D03048E91029F9DFC0D75C4/,2,4,1774824106
10094688,banda/1488,Banda/1488,1023,https://cdn.steamusercontent.com/ugc/11776563056678996150/D21CAF7F49BCD082420104F7C339D2522F7A6FCA/,3,2,1774807050
9784901,Imaginary Spirit,IMSP,1016,https://cdn.steamusercontent.com/ugc/10756516465479324821/B0147AC672BCF8AD73CE6AE1BE73DB3B4AD58D23/,4,3,1774803187
9887333,Dynamo,DYN,1087,https://cdn.steamusercontent.com/ugc/10479537950440559968/084B79A48A5741C61670494AA37725DAD14F0D09/,15,8,1774797517
9964991,Googol Gaming,GGaming,983,https://cdn.steamusercontent.com/ugc/14992704935904087800/237C6D58940659B6CCE79A96380ADD21FAA8B3A0/,2,3,1774798309
9225524,Public Revolution,Pu`Re,987,https://cdn.steamusercontent.com/ugc/2103802846735685701/44681CFF19A2FAA4DDBFCA59B89054C49F104828/,0,1,1774797517
9264050,Predatory Beavers,PB,988,https://cdn.steamusercontent.com/ugc/2296334814318137397/D982C01FFE072CD36C98F34FF4BD307C308263F3/,1,2,1774797396
10101336,Bailando,Дом,986,https://cdn.steamusercontent.com/ugc/13136073386892072865/198D3402D850679532EB59563274A88A3EA7CF03/,0,1,1774791933
10040773,Школа №8 (А),Шк. №8 (А),1015,https://cdn.steamusercontent.com/ugc/13021018580191202897/B7D746A267B6F516D899A8AE28592EEBC7EDED15/,1,0,1774785942
10094686,Majesik bratan team,АУЕ,998,,1,1,1774791418
9964987,team cours,N/A,984,,0,1,1768737816
2232219,RememberFooori,"REm""RI",985,https://cdn.steamusercontent.com/ugc/16175567587041910035/9A21E3C4008B4C39BBA57192AB9A40A6526C8316/,1,2,1774791328
10095642,Absolutiki,poxui,983,https://cdn.steamusercontent.com/ugc/15970044128106210852/40D5E719AADA4F45E5A76BD87E611573C339ED3E/,0,1,1774786002
10075147,holesterin team,HOLERIC,968,https://cdn.steamusercontent.com/ugc/17709912945709793605/DFC97F9DC029AA34A020F36DC5F39D2993C348A4/,0,2,1774785942
10055138,BloodSpirit,BLSP,1001,https://cdn.steamusercontent.com/ugc/11175718400202227027/16D805FB60462973B1952E86D0FD5B5FDEF3891F/,2,2,1774192169
10067854,SIREN TEAM,#ST,1000,,0,0,0
7258250,Nortz Gaming Academy,Status,1026,https://cdn.steamusercontent.com/ugc/12428046177330971579/C21A2046E9F6AE7BC1D73F6C78243353D835A3BE/,3,1,1774738751
7155747,Old Resort,[OR],938,,1,5,1774728593
9545569,Elite Eclipse,EE,1014,https://cdn.steamusercontent.com/ugc/2456239958003556938/996891188D796FFCE462134517E2FD018C06028C/,14,12,1774722644
8494848,Winter Bear,WB,1066,https://cdn.steamusercontent.com/ugc/2513641291257532360/DD2BF4B10E9D41131B18885208138CA7DB7BFB29/,209,216,1774559889
10054769,Selyuk_team,N/A,1069,https://cdn.steamusercontent.com/ugc/17826690757009292556/63D6934849C1AAC66E86B81BCCB22ACEE2B2A52C/,15,10,1774474785
10095079,G0FRA_V_KEDAX,GVK,1069,,5,1,1774474785
10075008,Level UP,N/A,988,https://cdn.steamusercontent.com/ugc/13864373760742505472/617BF8974CCA96E3D682080B11A27E60D9CE1C50/,8,10,1774467383
9791482,барселона,barsa,1037,https://cdn.steamusercontent.com/ugc/15180786815473379955/E12782A5EEBD40132C03D9205E8A796A6DC6A701/,9,7,1774466329
9054301,Forayer Yearn,FY,1015,https://cdn.steamusercontent.com/ugc/2036231337201782191/68FB1F8864CFE23720F37E99FDA2787E9B328DED/,3,2,1774461451
9964995,Boobs Lovers,N/A,958,,4,8,1774459765
67,paiN Gaming,paiN,1239,https://steamcdn-a.akamaihd.net/apps/dota2/images/team_logos/67.png,323,302,1774456200
10041315,LiXO eSports,LiXO,933,https://cdn.steamusercontent.com/ugc/10689718917807678683/22FDF0CF13A9DD721C522372D556D8847B1674A1/,13,20,1774437664
10095068,WBMonster's,WBMS,992,https://cdn.steamusercontent.com/ugc/15936311988008202239/5886DA64DD3594AA8DFF417E2D446175DA11F1C4/,1,2,1774386019
9286811,TeamIIOPOTb,IIOPOTb,970,https://cdn.steamusercontent.com/ugc/2315477275989506633/CD764808EC9D44DFC3F1B68E41F90F21F9762B31/,0,2,1774380381
1360586,ElectroShashlichnica,E`SH2,1044,https://cdn.steamusercontent.com/ugc/3296937216847429537/920D1C383469E2FA0033F93BEB3A950DA56AC55C/,3,0,1774380381
9545682,Dominion,Dominion,1041,https://cdn.steamusercontent.com/ugc/2456239958004431725/E228DDF5F2F0AB670945CC00351F32BB2644ABDA/,12,9,1776794426
10095057,pos 3+4,N/A,982,https://cdn.steamusercontent.com/ugc/10774858459734418689/6A2333150F8EBDDE38B0994B02BCCE148456F97B/,2,3,1774379905
9375234,nelzyatak,nztk,968,,0,2,1774374162
9972930,RAINHARD,RH,903,https://cdn.steamusercontent.com/ugc/10090220203313956494/7F181F34CEBCF3FF36FCA2D986231CD3E4F1903A/,2,12,1774373329
8623207,AMF.wbt,WWS,957,https://cdn.steamusercontent.com/ugc/17261919136122432287/E98D9245916ACB76419C0CFB02C63841D37B4C69/,1,4,1774372605
9956940,эвдемония,N/A,984,,0,1,1774372625
2704744,TOMHARDY,TH,1016,https://cdn.steamusercontent.com/ugc/360653586037360629/A0CA764FF82170089154F3B058C6AA81386E791F/,1,0,1774366276
9270895,Vict,Vict,984,,0,1,1774359136
9878354,天蝉远征军,天远征军,981,,1,2,1774355073
9965265,Еlite Eclipse,N/A,960,https://cdn.steamusercontent.com/ugc/18336483256742426434/8DE99E9FEB3212DA4970EACF23AD9BFBE939BD45/,7,12,1774289408
7653080,Yangon Galacticos,YG,1004,https://cdn.steamusercontent.com/ugc/2473119197018002013/9F54FB2ED4476EA67C55994F5FB7CDAC3B882809/,630,571,1774249749
9766927,Eye Gaming,N/A,1067,https://cdn.steamusercontent.com/ugc/16118585174880846693/20CB1AA41471ABE1B5C460D8CBDE915E595F8B23/,60,39,1774247641
10088088,Team stariy bog,stariy bog,1125,https://cdn.steamusercontent.com/ugc/11048966999711943517/24B92EDAA1A4800C09F9375CA98A9115526CAC0E/,13,3,1774211558
10088089,Go`blins,Golbins,1058,https://cdn.steamusercontent.com/ugc/13252644685449905628/ED0C033C188F9A5B66802A5883728F446062EE9C/,9,6,1774211558
9677559,Pivasick1d+4,k1d,1003,https://cdn.steamusercontent.com/ugc/13395684965997510029/62DEC8B3F71E341F8524CA37176CA10229A70628/,1,1,1774207828
7856045,Dexterity,Dexterity,1081,https://cdn.steamusercontent.com/ugc/1017192914412436017/663746B8239132F65C331C39473D598FFEA284C6/,6,1,1774207828
8849850,HELLBEAR HEROES,HH,1014,https://cdn.steamusercontent.com/ugc/2504646219095011633/000ACC2A4ADD9D3EBA21A1A4556FCC192415B318/,693,642,1776904062
9729351,Dominion,N/A,950,https://cdn.steamusercontent.com/ugc/6299284121585608/316F67C51D538439877450D7A073402423E8B417/,26,41,1776890706
9132931,team мacaн,MACAN,994,https://cdn.steamusercontent.com/ugc/18329649635028576385/62A3BE97D0316852E89912D3B16A1138EAAD44D8/,13,17,1774203496
10094698,урсус,урсус,999,,1,1,1774199258
9257546,GLHF,N/A,1047,https://cdn.steamusercontent.com/ugc/18022222179622508170/37EDB3E76F01F77276D0A2594CE9FD02F5A5115A/,3,0,1774192204
9629413,Team Sherlock,N/A,1051,https://cdn.steamusercontent.com/ugc/11347486253265145470/03BA61E180CE00F6E04CFAB0EA67B3BDAC040A22/,9,5,1774192204
10067598,Team Shpilit,Shpilit,1009,https://cdn.steamusercontent.com/ugc/15168205144486140240/3F7B0A7D67198A1ACBE85899F036E4CEB395D42D/,15,21,1774190319
10088881,Rage Quit Team,RQT,984,,0,1,1774186983
10087967,Gribbs,61,983,https://cdn.steamusercontent.com/ugc/14445669243686851191/016C2D819893890B7132BF453BA18B84A8A3DDCF/,1,2,1774186862
9711402,ZekiDNR,patr1k,997,https://cdn.steamusercontent.com/ugc/17601580659845267608/CDC8ABE8149652CEE12CC27E761239C376017021/,2,3,1774186856
10041175,322 Team,322,1074,https://cdn.steamusercontent.com/ugc/16219041799989765643/0961A963E060352CD947D06F371F14EDF62B0EAD/,5,0,1769971806
10000167,WEHOME,WHM,968,https://cdn.steamusercontent.com/ugc/17978647420055481693/620A32467F56A14CC576DC9AA5F387991418DA54/,2,4,1774181555
10047486,Dan+4,D4,968,https://cdn.steamusercontent.com/ugc/13784387637040952799/6FA49F58D11CB0F1F7053B3CAF33629F22524E2E/,0,2,1774181278
9705515,чупапупсы,CHUPA,1000,,0,0,0
10081504,Faceless Team,TFaceless,1001,https://cdn.steamusercontent.com/ugc/16921398406258544178/75AE70374A92BAEFB8F8699BFEDD733CBF5BAB67/,1,1,1773586103
9957994,PivoVision,Pivo,983,https://cdn.steamusercontent.com/ugc/12491844448418468916/2C40145516C9254ACED0E972164CFF2EE7002119/,0,1,1774181136
8769787,No wards ,NW,983,https://cdn.steamusercontent.com/ugc/2038492407343446797/F8069281254C4C1873413B7A05850A56183E7F07/,0,1,1774181092
10068848,NotChainedAnymore,NCA,967,https://cdn.steamusercontent.com/ugc/11436237473775270515/24990D44653C07E593DF885541FA33DD77251FDE/,0,2,1774181064
7851527,MOGILA RECORDS TEAM,MOGILA,1001,https://cdn.steamusercontent.com/ugc/1934877276260529884/F445DEFC2DAD2BE956C8C2A4B9336231C5D5E5EF/,1,1,1774181052
9782864,Lowreys Brothers,LB,1073,https://cdn.steamusercontent.com/ugc/10188748207782228127/B8C445C74774E1C02F9E0DA34F1DC072838380EF/,7,2,1774181052
9825368,down esports,dwn,983,https://cdn.steamusercontent.com/ugc/17836794889578044483/0995377EFFD23AB50B4CA20AD1B7A62ABA4DE020/,0,1,1774180960
9736352,Team Casual,TC,1000,https://cdn.steamusercontent.com/ugc/15307572449517648/651D818710681181B1D2CA361A2B5D6E7A03C4D4/,1,1,1774180960
10047487,Team Essence,ESS,867,https://cdn.steamusercontent.com/ugc/13124085818500739149/9F1886A04D49D8D1A0C85656C0D37C8478C91314/,8,21,1774166732
9504944,elegia,elegia,1015,https://cdn.steamusercontent.com/ugc/16320799073371931035/95FFB047BD7062A4575410E348D5C98AEE532675/,8,9,1774137975
9498970,AVULUS,AVULUS,1065,https://cdn.steamusercontent.com/ugc/2484388089175887648/AD2555E0F8E1783B66E6A3F88D0D3481E11BDE2A/,252,250,1774097744
10081431,Astini+5,A+5,1039,https://cdn.steamusercontent.com/ugc/12375871319841543679/D6A1161F41FD1A59F1B6C6230D52572944E47D7B/,11,10,1774095195
10074637,Knights,Knights,1040,https://cdn.steamusercontent.com/ugc/10103709847945672092/C3488A80C82FC27AC475B28182C24712BD5B7E74/,4,3,1774084722
10088079,Mariachi Team,Mariachi ,945,https://cdn.steamusercontent.com/ugc/18023707514477683946/1CA875FE3234C3021DD4CD744FC7781C501EB16D/,3,7,1774046797
10067932,dfsdfssdf,dsffds,996,,1,1,1774036218
10088014,Daxak Followers,N/A,959,https://cdn.steamusercontent.com/ugc/18210909039951062945/8C0FE8549AE67CA969A3A0150222F1DEFA57E283/,3,6,1774033315
10041296,Peak,N/A,961,,3,5,1774027970
10088094,PASEKA,PASEKA,911,https://cdn.steamusercontent.com/ugc/11535086527615700840/DB5D1FD7B003456D5463E3F683FB860D72667885/,0,6,1773947678
10027435,Pandora Kris,Pandora,926,https://cdn.steamusercontent.com/ugc/14428574859622413896/46B5F42E01D1FA9265E75BEB93350CB19552A361/,0,4,1773861191
10122651,Dominion,Dominion,1013,https://cdn.steamusercontent.com/ugc/15380923747742022379/316F67C51D538439877450D7A073402423E8B417/,2,1,1776972750
